{"cameraMode":{"drawMode":0,"name":"Shaded","section":"Shading Mode"},"sceneLighting":true,"audioPlay":false,"sceneViewState":{"showFog":true,"showMaterialUpdate":false,"showSkybox":false,"showFlares":true,"showImageEffects":true,"showParticleSystems":true},"in2DMode":false,"pivot":{"x":0.10228586196899414,"y":0.09527754783630371,"z":0.09441757202148438},"rotation":{"x":-0.3980846107006073,"y":-0.07034686952829361,"z":0.03063526190817356,"w":-0.9141399264335632},"size":3.186306953430176,"orthographic":false}