{"cameraMode":{"drawMode":0,"name":"Shaded","section":"Shading Mode"},"sceneLighting":true,"audioPlay":false,"sceneViewState":{"showFog":true,"showMaterialUpdate":false,"showSkybox":true,"showFlares":true,"showImageEffects":true,"showParticleSystems":true},"in2DMode":false,"pivot":{"x":2.296396017074585,"y":1.4376370906829835,"z":0.26972442865371706},"rotation":{"x":-0.2978810966014862,"y":-0.10028289258480072,"z":0.03148505091667175,"w":-0.9488046169281006},"size":14.610005378723145,"orthographic":false}