{"cameraMode":{"drawMode":0,"name":"Shaded","section":"Shading Mode"},"sceneLighting":false,"audioPlay":false,"sceneViewState":{"showFog":true,"showMaterialUpdate":false,"showSkybox":false,"showFlares":true,"showImageEffects":true,"showParticleSystems":true},"in2DMode":false,"pivot":{"x":0.0,"y":0.7475413084030151,"z":0.17057248950004579},"rotation":{"x":-0.2978810966014862,"y":-0.10028289258480072,"z":0.03148505091667175,"w":-0.9488046169281006},"size":3.9411911964416506,"orthographic":false}