{"cameraMode":{"drawMode":0,"name":"Shaded","section":"Shading Mode"},"sceneLighting":true,"audioPlay":false,"sceneViewState":{"showFog":true,"showMaterialUpdate":false,"showSkybox":true,"showFlares":true,"showImageEffects":true,"showParticleSystems":true},"in2DMode":false,"pivot":{"x":0.13368290662765504,"y":-1.0159815549850464,"z":-0.37038272619247439},"rotation":{"x":-0.44544750452041628,"y":-0.011014285497367382,"z":0.0054815784096717838,"w":-0.8952288627624512},"size":14.286908149719239,"orthographic":false}