{"cameraMode":{"drawMode":0,"name":"Shaded","section":"Shading Mode"},"sceneLighting":true,"audioPlay":false,"sceneViewState":{"showFog":true,"showMaterialUpdate":false,"showSkybox":true,"showFlares":true,"showImageEffects":true,"showParticleSystems":true},"in2DMode":false,"pivot":{"x":-2.737586259841919,"y":0.15572862327098847,"z":-0.8148947954177856},"rotation":{"x":-0.12446033954620362,"y":0.8255969882011414,"z":-0.2004704624414444,"w":-0.5125596523284912},"size":4.658993244171143,"orthographic":false}