{"cameraMode":{"drawMode":0,"name":"Shaded","section":"Shading Mode"},"sceneLighting":true,"audioPlay":false,"sceneViewState":{"showFog":true,"showMaterialUpdate":false,"showSkybox":true,"showFlares":true,"showImageEffects":true,"showParticleSystems":true},"in2DMode":false,"pivot":{"x":0.41730427742004397,"y":-2.9720728397369386,"z":3.651547431945801},"rotation":{"x":-0.3584364056587219,"y":-0.15055608749389649,"z":0.05869346484541893,"w":-0.9194673299789429},"size":31.994239807128908,"orthographic":false}