{"cameraMode":{"drawMode":0,"name":"Shaded","section":"Shading Mode"},"sceneLighting":true,"audioPlay":false,"sceneViewState":{"showFog":true,"showMaterialUpdate":false,"showSkybox":true,"showFlares":true,"showImageEffects":true,"showParticleSystems":true},"in2DMode":false,"pivot":{"x":404.1124572753906,"y":383.5899963378906,"z":-18.43206787109375},"rotation":{"x":-0.1229289099574089,"y":0.033336564898490909,"z":-0.0041294824331998829,"w":-0.9918521642684937},"size":826.8018188476563,"orthographic":false}